Word,Count
/,24
страниц,20
в,20
памяти,18
для,17
процесс,12
и,11
номер,11
если,11
список,10
страницы,9
страницу,8
создаем,8
количество,8
</summary>,7
к,7
<summary>,7
или,7
процесса,6
с,6
число,6
из,6
списка,5
получаем,5
страница,5
то,5
на,5
аргументы,4
все,4
случайное,4
------------------------------------------------------------------------------,4
системы,4
не,4
выводим,4
класса,4
значения,3
кода,3
изменяем,3
сборке,3
выходим,3
находится,3
этой,3
свободных,3
Этот,3
меню,3
данные,3
процессов,3
этого,3
нет,3
версии,3
удаляем,3
будет,3
возвращает,3
номера,3
свойства,3
создан,3
помощью,3
возвращаем,3
значение,3
доступа,3
где,3
память,3
класс,3
по,3
\конструктор,\,3
со,3
новый,3
сборки,3
от,3
пункт,3
тут,2
Исполняемая,2
конструктора,2
/>,2
свойство,2
</auto-generated>,2
9,2
генерации,2
таблицы,2
объект,2
работе,2
проект,2
программой,2
хватает,2
типизацией,2
как,2
счетчика,2
повторной,2
код,2
переменная,2
ресурса,2
классом,2
через,2
\процесса,\,2
иначе,2
этом,2
могут,2
метод,2
1,2
R,2
потеряны,2
привести,2
таймер,2
<autogenerated,2
полям,2
будут,2
-,2
тот,2
номеров,2
Изменения,2
ResGen,2
занятые,2
система,2
при,2
принадлежит,2
COM,2
0,2
оперативной,2
строгой,2
\памяти,\,2
файле,2
<auto-generated>,2
случае,2
убираем,2
неправильной,2
версия:4.0.30319.42000,2
функция,2
атрибутов,2
системе,2
добавляем,2
изменения,2
аргумент,2
очищаем,2
до,2
ComVisible,2
Column4,1
быть,1
моделируем,1
входа,1
label4,1
начальными,1
free.Add(item);,1
сам,1
управляемый,1
(Если,1
компонентов,1
конструктор,1
случайная,1
писать,1
Освободить,1
used.Add(gh);,1
счетчик,1
данного,1
процессом,1
использованный,1
задается,1
значений:,1
форме,1
указанной,1
Перезаписывает,1
начать,1
запрещаем,1
параметром,1
\выключен,\,1
добаляем,1
\объект,\,1
\одиночка,\,1
сборкой,1
первую,1
\номер,\,1
списке,1
опративной,1
систему,1
ресурсы,1
попавшуюся,1
начальном,1
создание,1
тик,1
Сведения,1
точка,1
куда,1
обходи,1
splitContainer1.Panel2,1
делаем,1
StronglyTypedResourceBuilder,1
ниже,1
хранится,1
\COM,\,1
о,1
чтобы,1
сведения,1
Column2,1
CurrentUICulture,1
dataGridViewTextBoxColumn2,1
процессу,1
существует,1
удаление,1
отправляем,1
menuStrip1,1
связанных,1
кол-во,1
8,1
\включен,\,1
невидимыми,1
данная,1
того,1
\вызов,\,1
Column3,1
процессы,1
принять,1
занятых,1
файлToolStripMenuItem,1
видимым,1
ставим,1
делает,1
минимальным,1
\ResourceManager,\,1
которому,1
строку,1
максимальное,1
бит,1
поиска,1
Требуемый,1
вычисляется,1
логи,1
\страницы,\,1
набора,1
2,1
dataGridView2,1
\AssemblyVersion("\1.0.*"\)]\,1
начальное,1
начатьToolStripMenuItem,1
обращений,1
dataGridViewTextBoxColumn4,1
\name="\disposing"\>истинно,\,1
VS,1
генератор,1
этих,1
об,1
free.Remove(gh);,1
экземпляр,1
снова,1
хранит,1
форму,1
есл,1
предоставляются,1
состоят,1
Основной,1
формы,1
принимает,1
идентификации,1
местами,1
false),1
алгоритму,1
—,1
останавливаем,1
processes.Remove(proc);,1
заполняет,1
Система,1
Form1,1
оперативную,1
самый,1
ресурс,1
типа,1
т.д,1
действий,1
завершить,1
строка,1
старение,1
\0,\,1
Редакция,1
текущего,1
used.Remove(item);,1
указываем,1
удален;,1
изменение,1
включаем,1
такого,1
пока,1
указанных,1
splitContainer1,1
таблицу,1
изменялась,1
создает,1
строк,1
свой,1
содержимое,1
минимальное,1
должен,1
обратиться,1
метода,1
обращении,1
этот,1
реализация,1
panel1,1
ложно.</param>,1
классу,1
+,1
пересчитывают,1
обработка,1
label2,1
splitContainer1.Panel1,1
умолчанию,1
Можно,1
какому,1
надпись,1
случайных,1
же,1
заполнение,1
ниже:,1
\нужен,\,1
локализованных,1
следует,1
всегда,1
нового,1
завершитьToolStripMenuItem,1
Возвращает,1
возвращатся,1
автоматически,1
свободные,1
чисел,1
параметра,1
\перечисление,\,1
ресурсу,1
вызывается,1
моделированиеToolStripMenuItem,1
Установка,1
timer1,1
\средства,\,1
TRUE,1
7,1
редакции,1
случайную,1
start,1
счетчиком,1
\текст,\,1
new,1
поддержки,1
который,1
библиотеки,1
таймера,1
находим,1
максимальный,1
изменяли,1
Номер,1
\"\*"\,\,1
\страница,\,1
создане,1
потока,1
данными,1
запустите,1
label3,1
у,1
Column1,1
Измените,1
формируем,1
id,1
proces.Add(gh);,1
\свободна,\,1
\член,\,1
уже,1
перестройте,1
используя,1
dataGridViewTextBoxColumn3,1
записываем,1
этим,1
работы,1
показано,1
необходимо,1
заполнении,1
label1,1
используемые,1
меняем,1
всех,1
приложения,1
служит,1
случайный,1
кэшированный,1
оставляем,1
Visual,1
состояние,1
\типов,\,1
редактора,1
типу,1
Класс,1
каждый,1
False,1
Чтобы,1
\номером,\,1
файл,1
его,1
первый,1
удалить,1
задать,1
четырех,1
логеру,1
\1,\,1
listBox1,1
берем,1
набором,1
логгирования,1
носителе,1
атрибут,1
GUID,1
Обязательная,1
установить,1
Следующий,1
вызываем,1
выходToolStripMenuItem,1
класс-синглтон,1
-1,1
добавить,1
типы,1
часть,1
пересчитываем,1
Главная,1
.ResX,1
проверяем,1
длинны,1
данным,1
\сведений,\,1
выделяем,1
выводились,1
выход,1
ли,1
cnt,1
зависимости,1
происходит,1
внешнем,1
\изменяли,\,1
Дополнительный,1
счетчики,1
шаблона,1
dataGridView1,1
это,1
Общие,1
Если,1
левый,1
следующий,1
/str,1
списки,1
\страниц,\,1
следующим,1
Studio,1
нужную,1
изменяйте,1
[assembly:,1
<param,1
измените,1
dataGridViewTextBoxColumn1,1
